rome_arch	Ancient Roman triumphal arch, single large central archway flanked by engaged Corinthian columns, carved reliefs and an attic inscription band, weathered travertine marble, game environment asset
rome_brazier	Bronze Roman tripod brazier on three tall lion-paw legs with a wide shallow bowl, burning coals, ornate patinated bronze, game prop
egypt_pylon	Ancient Egyptian temple pylon gateway, two massive sloped sandstone towers with a central doorway, painted hieroglyph reliefs, colossal seated pharaoh statues flanking the entrance, game environment asset
egypt_obelisk	Ancient Egyptian granite obelisk with carved hieroglyphs and a gilded pyramidion tip on a stepped base, game environment asset
egypt_palm	Tall date palm tree with a slightly curved textured trunk and a full crown of green fronds and date clusters, game environment asset
persia_column	Persepolis Apadana stone column, very tall fluted shaft on a bell-shaped base, topped by a double-bull protome capital, weathered limestone, game environment asset
persia_gate	Gate of All Nations at Persepolis, monumental stone gateway with two colossal winged human-headed bulls lamassu flanking the passage, weathered grey limestone, game environment asset
persia_altar	Achaemenid stone fire altar, stepped pedestal with a burning flame bowl on top, carved limestone, game prop
han_tower	Han dynasty Chinese beacon watchtower on the Great Wall, square rammed-earth and stone tower with crenellated top and a small wooden roofed lookout pavilion with dark tiled roof, game environment asset
han_wall	Straight segment of the ancient Great Wall of China, stone and rammed earth wall with crenellated battlements and a walkway on top, weathered, game environment asset, long horizontal piece
han_lantern	Traditional red Chinese silk lantern with gold trim and a red tassel, hanging from a short wooden bracket, game prop
